ticket_number,code
281,EJB66KPQA3
282,DSDW58NZNA
283,KB6ZVMEJXL
284,YQ3BEEP5DD
285,FT6YH82SSN
286,APERNPKGP5
287,U24CX6F3AF
288,258GWXM3CP
289,TKNNZ5FES4
290,AG9T9ZPUY3
291,KFRMYZH2LJ
292,Q4WKQD8D73
293,8WAN8B9H56
294,NX2BPM4P9C
295,WW2RJLVMYD
296,LRQSU85EGR
297,DUT9QEN5D6
298,2MKB2CFHPK
299,LY5HSW8J6M
300,57GV53AY6R
301,3G5FHT5LRF
302,BGANCFBATQ
303,FAEAGL4F7A
304,72VBRLXJHR
305,MC5AGGR7HZ
306,7EZMAE9CFP
307,8ZP8K7AG3P
308,LGPARDFMK8
309,RJ8GAHGSW8
310,C3RS2DYAU2
311,FUJHGV589G
312,66755UZHG5
313,RP577B6FTK
314,QB89AQM4NZ
315,27GEE8QWYU
316,8ZH93ZCEB8
317,9NGC7JKZ8Y
318,KG5ZWZHNS6
319,N9WEFANVBU
320,KLGWVHBE5A
321,P6BMRMFNFB
322,PBVJPQXTVY
323,UKSZ8PL9MR
324,FYLPKTVNLE
325,TASLBFS9NU
326,6KFHKTANGF
327,Z6V9UMDW9R
328,X2SL4EMX8J
329,2UMY4UQLU5
330,CP2W2V7PB2
331,AC4KKSPMCQ
332,M9DULWBLX2
333,FUMTTU9M4X
334,5AZ2PBSVMK
335,H5G2MH964E
336,MUDSA653BK
337,J5VN6EM3TF
338,CPRZ5FU2M2
339,T3YUR8JD5A
340,TDJJJNTTAN
341,26CB4S5X78
342,ZEDXD2RLHT
343,YJPCU3ABST
344,WUH8UQZVHW
345,Y8JS9WJ4KZ
346,NQDJRBLG2B
347,UEVYRVB9RP
348,P9AQZC4CZF
349,54LSU9A9FC
350,G3PRSDRZPZ
351,FLMQ7DAKR7
352,YM6MUD3JC4
353,RGCGUCXXXE
354,8MEMKT63YQ
355,Y4UTCNNPTH
356,J8GDKV6W77
357,NMEAEDWP62
358,EEU6FHJFXQ
359,48RPUGV5LR
360,GKMCCBY6RB
361,Y34FWF5967
362,9DS65L4ZAS
363,XS5JJAPX9Q
364,LMK2E8BLZB
365,D9RC3VUV3D
366,HGRVN4MYSY
367,Z4C9GLCVJC
368,PRF8M77AFH
369,HHYW7HFTS8
370,XDHTFJ8GDW
371,3C4G5KXT8Q
372,MDZ22U64TK
373,UUAFCX4JGD
374,ALWU8S9HDU
375,SH7LSJL3HC
376,ERADL5E4YG
377,MXAQS3L4MF
378,VHN2EL7N22
379,F9V4644LMG
380,5ZZUXBDNV7
381,M9VMLF3ET6
382,5KUGM6WVTF
383,GYNYL9ERKX
384,5DPHYHR93D
385,P6H6GD4862
386,KYBPUHRNWX
387,DPN3CZFXVW
388,SUYBX73WPG
389,N33JVK6Q5D
390,JXPA2GZUQ9
391,X8ULRAJZE7
392,EZNH8HERZC
393,ZYTEJZFE9K
394,MBM57U2HWG
395,Y67VFBAYSV
396,GM385YWGB9
397,S242FRHZP3
398,HADBKCQBLJ
399,T6YE5LL376
400,CTYBKTMU9C
401,2AFH8GM34G
402,PAFQF22G2A
403,SAFNKEYLQC
404,Z2PENNWYTA
405,XKREA5QKC3
406,8XMBN7UCJC
407,S7VGLC6CLZ
408,E42HC3SDLE
409,55WL2UH2X3
410,QAUH2PGR8V
411,UZBNYHQHMA
412,W6EN8LP9A9
413,5G2Z5YHDFN
414,PYKJ6Q75SV
415,KXPAGSNLLC
416,7LM7XEEQW5
417,LTCG32NM9B
418,LP7TEK3LZS
419,L9YGLYA3B9
420,AVJXRSRP6G
421,EUUTGJ6FBY
422,5B65VHHB2D
423,LHHHEE2KAY
424,SS2MJTBGV9
425,YM2J8LGLQV
426,W8DP44UPTT
427,XXUMALZAP2
428,WX9J54ZUZ6
429,76M5CQ2XSL
430,2FDVDXCHVT
431,HDVMYLXD52
432,FMHXWZ65K4
433,XNVATGAYY7
434,ETWC635J4K
435,GEQKYHU733
436,YT2QYEDC5F
437,L9Y824RXBP
438,5RPUK42VA4
439,R3MCNAKDEP
440,65V4M5NZ7Z
441,HT9G67ZX8Z
442,DRXTBAP3WK
443,4Z37YMQDRU
444,7HRWX9LK9J
445,3CVEBBU7FG
446,8A3GSFA33U
447,ZLDZ623FFT
448,ZFG33F29XC
449,T9N6DH7F49
450,YKEE98RNUS
451,MKMEAAW8PT
452,WZMZSXEU2L
453,YVDA3GKARX
454,L2A9S5YWW5
455,ZUCRYUPCCG
456,M26W6N2SLY
457,USRB5K8E5H
458,FRLNQA352G
459,QESJ48QH5B
460,H7NN6BRM9E
461,2EZFJTFZA4
462,J4GFUATW97
463,JETGCSK939
464,RQJ9JBWRRS
465,4BBDKCAMVR
466,W6YA9YTGHY
467,4EAESJ7G5E
468,NMC64BMK3P
469,MEFGESXNRN
470,LCJEQYR2ZQ
471,QPC37VXYWU
472,JPSX7RY2DX
473,WH44HQZ7SA
474,D4Y4GU84AE
475,DR362XTM8M
476,GY4ZV6MZ9X
477,YD3UE9FHNA
478,VZ6S96FJQM
479,SAN6PKREFM
480,6BWMZK7WBL
481,95DWQLSRLX
482,Y2FEXERSGG
483,6WK776SW65
484,85KCYNDUJB
485,YYDNWY4X6K
486,KAB6HHTLX4
487,LN5ER8ZYN9
488,L69M93WFX5
489,K3QGKB9CFZ
490,4QJZMJB5KL
491,MKMWE7AVKA
492,PDLK7MGQ89
493,BE9YFGKHXK
494,RVD52WJM9Z
495,DEKB7HHPCH
496,SD8B2X59F8
497,BNBEGJ7A5Z
498,YVETQ5BV9H
499,RT9N3BFC5W
500,FAW643DXY5
501,56HF5WZ6N7
502,C337WDQL2B
503,72VPTZF89V
504,NSVG8JLLA9
505,NHH2JXYQGE
506,2HQWNV4NW3
507,W38ENR5RJN
508,QXSB5DREEK
509,T2ESFM956K
510,4L553AW2S7
511,DTZ2YJG9ZU
512,VXD89ARKUR
513,M7WYMNGVJE
514,SZRKD4FA34
515,4FXBWPAY4T
516,GXHYJQFY9M
517,WUQ8T6D9AX
518,MEMFTMZ2LF
519,6LQNS6WQZG
520,NTQBLRBHM8
521,Q78EJ26YQ8
522,ANUH2B3QN4
523,SQUQUJ3TFT
524,AAGSPK5WQA
525,S2CJKUCEC5
526,URPTMSMW2A
527,MQ6LQ8CU2H
528,M62MUFG6HS
529,6LCFCBQZZL
530,36JJ9BUWG5
531,G3WRSMJQ2T
532,S5788C4BLH
533,FY98A4UGU2
534,ETFKNWLJRP
535,DMYLHY95BH
536,4UPWTK8X9X
537,J9YNWFNRR7
538,HSAEHVPM8J
539,BU63N5CPKD
540,5P32Z842AV
541,C3QYHUCG3V
542,YWQSNL3NPP
543,LUNPAUU49Z
544,ZAA6F5NVQ6
545,CMJ4VFPDZZ
546,9EY7PV5P9W
547,PVWA84KFFJ
548,QLUSDHJT7J
549,EC7LK96RCJ
550,4TU39CCFB6
551,E3TWR4WAHP
552,7EJJAJ3WVR
553,TGN23G4MBL
554,CYR4BJQUFU
555,JNFHS9E6GQ
556,PGNB272HCC
557,8FEQ5D8Y8A
558,98VEWFYFN9
559,QDZMVNW3A3
560,L8AK3P3N9V
561,2W57YKW9P5
562,NFMMNEVXJ4
563,TRYYB7CB8G
564,5RDTY3F6U9
565,BD74DV79FK
566,A96THEN9AW
567,YPGW64DAEZ
568,EJDP8MYHWE
569,BMJLYG889D
570,85LE36YCBK
571,7PGVZHT6QM
572,HNEY74S3PC
573,6WAKG3FTK3
574,JLYTW9FA2W
575,XDRL8L6PKM
576,5NRNQJHZ97
577,H6CKDHUC2M
578,J25R95UMTF
579,4D7PT4WLUM
580,AX9YUSXEUL
581,MS32R3HPYG
582,N5DPA8V5A6
583,HS2JMBSGAF
584,5SX4FJ4XBN
585,27Q5A9FAV4
586,7MQ5J9AVGM
587,N34KHQZH75
588,8KXYRGCMKP
589,2UYNABZ2EA
590,DJN3UPWT6M
591,A52EBS5KTQ
592,24YF8BD8RT
593,CXYMVSEGSP
594,E6EMQEEPHS
595,KSZRSAT6H9
596,REY3VXP2WM
597,94RUPFDEN8
598,MVLNBN6QFV
599,9BMMMCHYWG
600,NNPREWL4FY
601,XB2J5TP6XW
602,C9W8SJC839
603,LUAXZK6SQ2
604,MAP97NR8JV
605,UT2CNYPD8M
606,CGL6G8VC2G
607,HMMJWG23HT
608,3Y9SXVHYBW
609,YA4WH5JK7D
610,WE5745TVDL
611,S5BDJR6UT4
612,TEBZF9ZVHA
613,4R2RH6PHWC
614,H64FHXNV3E
615,LR6L2EMNCY
616,P7QQVCPNDD
617,VRU39TJT6D
618,ZQXT795SEG
619,CX5AQZ5PDZ
620,X2FS2PTVTL
621,ZNCL26GZYS
622,YQDJ2MYUEG
623,S2T6LA8A65
624,QDHSXE3TJU
625,7TVEMJVZLH
626,PYVAYW98C4
627,M8K3U7RN53
628,JUCG5D7CYL
629,P6MMJQ92X4
630,MWF9WRB5K4
631,DUAGQW594S
632,7GMBVJQNGN
633,THEAGE4YUD
634,CX9BUMQGWV
635,8V6J74VJL2
636,48A2DUW5GM
637,VTS8CFZPHC
638,WBHRKCTQ4B
639,GKU87B34BB
640,C94EZLTNZ7
641,ERDKKJJE63
642,RD2S87RC9Y
643,VDBQP9TRCF
644,RQBX7KLS29
645,4ZPXBUW7GD
646,L7W6JTZT5F
647,QPYGZBD4T9
648,DRVBJAUZFH
649,YAVA3SXQWT
650,W2JV8YAJ94
651,FXH4LMQP77
652,EDM87K44DJ
653,FNWDGXZFYQ
654,B4YAEHHXD6
655,9FZ28FC44N
656,SVTF7WHNFP
657,VPD5L3VB2S
658,7R9LEL4S4X
659,KL2JL2EWJ9
660,6GBF59XDBA
661,LR3AL63AM3
662,GXMABMBCVC
663,H4HUK2EHDE
664,28NQHJK7HN
665,YF5EQRZERW
666,2JJZJ5V8T9
667,WCC9CTUJUR
668,HDE66DZZF7
669,PD4TPKABFG
670,KZ5BU4VTSQ
671,683F5A4NNL
672,PPQS5ZXTML
673,ANPRLAWD7H
674,TKJYFETDRE
675,XUDVJCRUJE
676,DMREW4Z2V8
677,JKZNQDWHL8
678,5NQZC6X6PX
679,RLLTGP6VEG
680,AN8XB3EZ9U
681,BF3AQ32V7T
682,M3W7EN4CW5
683,9HWB2KSLNG
684,ZEGP57VKA8
685,HQG2V9CVAE
686,8FMGGYQJQF
687,S38P4NWANF
688,QCFQGBGV2T
689,32HXBSQXQF
690,5EZXQU9M3J
691,Z9465SASKF
692,J9UYZ2MV5A
693,7MQBGM4GXL
694,J5DP5A9W7F
695,JG96FCJ2UP
696,AGVDJHM5B4
697,Y5GSHRKW47
698,VW9TC69DSA
699,KKSTEHSEWU
700,VYEZQ6DX9D
701,Z8M3XVU6LN
702,AABZPZZ24B
703,CPB5RH7APX
704,U9JCZQP7V8
705,PYEYC7BCTH
706,TK7URKYKQB
707,98Q7EV4KJH
708,V5BBW3M7UC
709,T8QTT4G744
710,SEXPJE47G9
711,Q6HT5PHNUY
712,MYY6JVXKEF
713,3S4CUKYB5X
714,HVL8U9W4HT
715,DETUA8Y5Q8
716,N7VRW4AQUQ
717,TFLZR6D63A
718,MN5EVFVZH8
719,L5NUGUSJX6
720,62G5C849QG
721,3LHTH4JL42
722,Q8LFWFT3KW
723,3T5XQJ5VKT
724,YFPB52X7TN
725,YHQBU2DBX8
726,Z9JUV5SEU3
727,Z9GS9QXN5F
728,3THD4VMKXJ
729,RTN8RJFNJJ
730,ZMPGW4EK6B
731,B2VNAHLYMC
732,GDDD23L4GF
733,HM9DNEGKTS
734,FKDPZGJZYT
735,ARNNVZ46YG
736,GZGBGNNPZP
737,LPR2KVC8LD
738,SKVB6SA3QL
739,MKKQRJUYF8
740,XFMPSZ37KC
741,XWPBTZG877
742,CVKYF7NV63
743,HCRU5RP9C8
744,NZE5WDDQXE
745,YBYKSX4X6U
746,5RY2Y5FSCK
747,P3XEGF85CT
748,P277WSSRZB
749,LJWTUKTTHW
750,5SVSUM8YLS
751,URDFXK8K48
752,PV2F4PN29Y
753,A5K283XQM2
754,3NNAGUT6JD
755,AE8XHH4AZ6
756,ZWUMW6H68Q
757,C5M3XZC6LX
758,KJPWGPSZEM
759,CEBRE2NETL
760,S69VL8WMAA
761,Z695W8PLZY
762,P6B9ZSG3SW
763,MSUCTT622S
764,2MBBCU7QEV
765,CF7MTQET74
766,JBU4PAFHJE
767,YG9GQ4BYT8
768,6WJFD43NWN
769,VTBHH4FS5J
770,NK22HUN7DV
771,5DA62JXN4Z
772,G33PLMGL3M
773,NDDYU8R83K
774,N6BXU5BPYH
775,77JGVP4TN8
776,QTG3EJ3C5G
777,VVCD2ETMRQ
778,KKW2DY6MM8
779,5EVDSHPQR7
780,TP3N9UUUSR
781,W9ADEWYN6M
782,2JQ4Y2N568
783,8PP9SBWHVD
784,B4BN4JYAXS
785,LBWQ352KCH
786,9F3BFGJEYE
787,9CKJC3VYKN
788,77TZ56XRPX
789,TH3Y3HGXBT
790,Y55H46QKXX
791,R58SKEKVLJ
792,VDMAHFCNBF
793,V28RDSTBHT
794,X89467X8LD
795,PCAD7SBD7F
796,PLJ3A8Q3XS
797,TSLXLTN2EP
798,QVDQCQ9XJ9
799,TDJNKMRPRA
800,MRMWM59BGN
801,7MLT46EFEU
802,33G8B5HFV8
803,XB8XHBX42M
804,7ERYEGXPW4
805,CM6PKVPEAZ
806,4GU96XFBSV
807,GJR4DMWZ8N
808,ZRE7V6JUYD
809,DBG2VSGHT8
810,GM6UY3DHVM
811,TZ8YXYUBP8
812,8W877JSZ2M
813,QYNHT8GH62
814,DDRVN4M62X
815,2QV5NC53F9
816,A47VRY2ULN
817,57PFT6H9Z3
818,XCURHTBZ3G
819,QA729W9CR9
820,7HTD4J9PCT
821,C6585PGBL5
822,34PABUU3TM
823,K5FGVXXWT9
824,94469EER5B
825,EB8R3489YD
826,QRG7RLGFR7
827,3TWDBZ6V85
828,5KMZZ8KT75
829,2MJ2685E9S
830,TCJ4UA373D
831,3MAEMWQM4Q
832,GCFVBJQFW2
833,D9MGEY3SD2
834,Z3T9PEK3GK
835,JXXPNX7P5T
836,7TWKR6CPLS
837,ER86FRFY39
838,EJRMAZFYWX
839,LYRW4QGKSW
840,URFFCYWW9L
841,YBCKHTWVQ4
842,ZB9CV8G8HK
843,F6EDU3YP8P
844,GEHUESW3XJ
845,EBTXL9F3NR
846,X5PHMWARJZ
847,4N6VPTJK5K
848,K24FCU6DMW
849,3SQ6LGBCL7
850,QSR3RX8B4X
851,5VQEA8LK4K
852,PBBFMM8CF8
853,TXQX7TPA4C
854,YHTTUA6S66
855,P9CFC83BKX
856,HEN3EFY6DG
857,63H262U3SC
858,XHEK2QDLK2
859,3RAA5AAA2L
860,DUZSFXRLNG
861,QM23D84CHF
862,SM9LD8JD2K
863,VFAWTGES47
864,TGBNCDPHB8
865,DUDJYDVG7B
866,UXQ2JHNHKP
867,TCHB2TV56N
868,VZAKGAVZF9
869,FUR39ZKXUZ
870,7J9GGSKF4M
871,QWU3GYNQN8
872,VERZHSN33U
873,QNBE424HAU
874,MU3T9TDBHB
875,97ZP35WVX6
876,4YCDZCA877
877,E2NMCT79AE
878,NVXWG8ZB6Q
879,G4XQ7HG5QG
880,CMD7E7DDC4
881,NB9LVSBCKJ
882,ZW9LAZ54BA
883,LVJ9YFY64L
884,SDNKA9R6XB
885,8SJDCMU4PX
886,3RLRYWL7KL
887,XFBHE7Z6JC
888,LZQHWAAYC5
889,ER6V566MK4
890,UGEZVC2W3T
891,JHR78F42HW
892,Z6LK52LD6D
893,3MAVALQYU7
894,3SRTTPKNAK
895,AK9GUFKGG4
896,WZ5DMVQETC
897,Z2BA2566UQ
898,JPLYE8YD39
899,F538L39CHV
900,J8WHBJKT9Q
901,EP4R6NXQHZ
902,9XRMXTBUWF
903,4N93MVT88R
904,VGXLKAS74B
905,TN6B2U5WNP
906,87RCBXNPQG
907,DQFZW5BZ6R
908,KWPYDFG25W
909,K8MBZKJDNL
910,LJCVLLB9XR
911,BC4TCJ9VEB
912,NJZGY6VALZ
913,NZ4L2W4JMC
914,NQG4YST9QA
915,HPP5AURJVM
916,92PZVM23T8
917,Z83DKJ33PT
918,YL5QJ4FVB2
919,B524MDS8XB
920,HUD6FD387M
921,4DZFGRFR4M
922,8X68W9RCRS
923,KJKN3WHJUR
924,RBQ2K2GMWE
925,V3NXFZAC48
926,LQXP7H98RA
927,UY7GVSNHTK
928,SYLDNWERTY
929,G2KZLCNE8P
930,GF7JLU9ME2
931,BG62FG6XQF
932,GF8WSNEYQG
933,NNNGU435LL
934,ZJSEC37DUZ
935,9SKLDMNWRM
936,XRLCD6AKHX
937,34UY24VXBF
938,X4FWVE8QAN
939,HWPB6R6TX8
940,YBCSXHNAX6
941,QPT72KHBZG
942,M8M47PJWFG
943,VBDA7LA73C
944,96NTCVLA2Q
945,Q5UHG48LTF
946,XXADBNX5W6
947,PH5YLXY5UJ
948,VWBVZ7NGW3
949,72VPUQ2TCN
950,72SFRB3QY6
951,3L4GJJ9DAJ
952,F3SXH26Q76
953,KCTSTPVXWD
954,RK86N6SKQF
955,U4K8MEAQQN
956,ZXDL9WUDXA
957,QZ84T5T8MB
958,PH7HC7HGDD
959,AEF8WGV4RR
960,9CFD22JJWS
961,MUNVR4SYWG
962,VMLFEGNZ8T
963,DSXTF5TMWL
964,RCWL2P7HMG
965,ZBBQPT3GL4
966,759C2BFYYH
967,EMXBYJTJP9
968,KLDQPYB5FW
969,E6NBZYTDNK
970,7AK4GY8DQH
971,N226HV8QYY
972,3AA2662R49
973,872WC5JGH3
974,BRB4PFXDZ6
975,EJKVX43H45
976,LAHSQSQMM4
977,YEQC7J4XQL
978,87PUR3FXN5
979,7KRXPWLUZZ
980,KVGZ7HWSTB
981,HDRU7W9BWH
